[{"id":1,"first_name":"Reuben","last_name":"Bilston","email":"rbilston0@cnbc.com","gender":"Male"},
{"id":2,"first_name":"Laurens","last_name":"McPhelim","email":"lmcphelim1@trellian.com","gender":"Male"},
{"id":3,"first_name":"Raphaela","last_name":"Hawthorne","email":"rhawthorne2@privacy.gov.au","gender":"Female"},
{"id":4,"first_name":"Kathleen","last_name":"Hartnell","email":"khartnell3@storify.com","gender":"Non-binary"},
{"id":5,"first_name":"Micheal","last_name":"Bowton","email":"mbowton4@nationalgeographic.com","gender":"Male"},
{"id":6,"first_name":"Hussein","last_name":"Joncic","email":"hjoncic5@nydailynews.com","gender":"Male"},
{"id":7,"first_name":"Alia","last_name":"Pelman","email":"apelman6@google.com.br","gender":"Female"},
{"id":8,"first_name":"Bellina","last_name":"Vinden","email":"bvinden7@uiuc.edu","gender":"Female"},
{"id":9,"first_name":"Paulo","last_name":"Deny","email":"pdeny8@sogou.com","gender":"Male"},
{"id":10,"first_name":"Darya","last_name":"Schutte","email":"dschutte9@squidoo.com","gender":"Female"},
{"id":11,"first_name":"Issiah","last_name":"Murty","email":"imurtya@gnu.org","gender":"Male"},
{"id":12,"first_name":"Dimitry","last_name":"Dawdary","email":"ddawdaryb@photobucket.com","gender":"Male"},
{"id":13,"first_name":"Celestyna","last_name":"McEnhill","email":"cmcenhillc@weather.com","gender":"Bigender"},
{"id":14,"first_name":"Terrye","last_name":"Lamport","email":"tlamportd@arizona.edu","gender":"Female"}
]